Workbook

Sheet Sheet1
A1: 주문일 | B1: 주문자ID(주문번호) | C1: 주문자명 | D1: 고객명 | E1: 브랜드/상품명 | F1: 옵션 | G1: 수량 | H1: 옵션가 | I1: 수령인 | J1: 전화번호 | K1: 주소 | L1: 배송메세지
A2: 29000 | B2: duyou03 | C2: D108 이재영 | D2: 김선미 | E2: 마마스파파 요거트패딩 | F2: 색상: 아이 / 사이즈: S | G2: 1 | I2: 김선미 | J2: 010-6603-8079 | K2: 대구광역시 달서구 장기로 115 (성당동, 성당동 더 샵) 104동 1404호
A3: 21000 | B3: duyou04 | C3: D109 이재영 | D3: 허은정 | E3: 봉봉부틱 토브팬츠 | F3: 색상: 브라운 / 사이즈: JM | G3: 1 | I3: 허은정 | J3: 010-2543-6903 | K3: 대구광역시 달성군 다사읍 서재로7길 25 (다사읍, 에코폴리스 동화 아이위시 3차) 311동 1101호 | L3: 빠른배송 부탁드려요
A4: 21000 | B4: duyou05 | C4: D110 이재영 | D4: 허은정 | E4: 봉봉부틱 토브팬츠 | F4: 색상: 그레이 / 사이즈: JM | G4: 1 | I4: 허은정 | J4: 010-2543-6903 | K4: 대구광역시 달성군 다사읍 서재로7길 25 (다사읍, 에코폴리스 동화 아이위시 3차) 311동 1101호 | L4: 빠른배송 부탁드려요
A5: 18000 | B5: duyou06 | C5: D111 이재영 | D5: 이지영 | E5: 피치피치 구름아노락후디 | F5: 색상: 크림 / 사이즈: L | G5: 1 | I5: 이지영 | J5: 010-4581-7145 | K5: 경기도 화성시 동탄순환대로20길 69 (목동) 경남아너스빌22단지 2253동 1701호
A6: 14000 | B6: duyou07 | C6: D112 이재영 | D6: 이지영 | E6: 피치피치 구름후리스팬츠 | F6: 색상: 크림 / 사이즈: L | G6: 1 | I6: 이지영 | J6: 010-4581-7145 | K6: 경기도 화성시 동탄순환대로20길 69 (목동) 경남아너스빌22단지 2253동 1701호

Sheet 발주발송관리
A1: 상품주문번호 | B1: 주문번호 | C1: 배송속성 | D1: 풀필먼트사(주문 기준) | E1: 배송방법(구매자 요청) | F1: 배송방법 | G1: 택배사 | H1: 송장번호 | I1: 발송일 | J1: 판매채널 | K1: 구매자명 | L1: 구매자ID | M1: 수취인명 | N1: 주문상태 | O1: 주문세부상태 | P1: 수량클레임 여부 | Q1: 결제위치 | R1: 결제일 | S1: 상품번호 | T1: 상품명 | U1: 상품종류 | V1: 반품안심케어 | W1: 옵션정보 | X1: 옵션관리코드 | Y1: 수량 | Z1: 옵션가격 | AA1: 상품가격 | AB1: 최종 상품별 할인액 | AC1: 최초상품별 할인액 | AD1: 판매자 부담 할인액 | AE1: 최종 상품별 총 주문금액 | AF1: 최초 상품별 총 주문금액 | AG1: 사은품 | AH1: 발주확인일 | AI1: 발송기한 | AJ1: 발송처리일 | AK1: 송장출력일 | AL1: 배송비 형태 | AM1: 배송비 묶음번호 | AN1: 배송비 유형 | AO1: 배송비 합계 | AP1: 제주/도서 추가배송비 | AQ1: 배송비 할인액 | AR1: 판매자 상품코드 | AS1: 판매자 내부코드1 | AT1: 판매자 내부코드2 | AU1: 수취인연락처1 | AV1: 수취인연락처2 | AW1: 통합배송지 | AX1: 기본배송지 | AY1: 상세배송지 | AZ1: 구매자연락처 | BA1: 우편번호 | BB1: 배송메세지 | BC1: 출고지 | BD1: 결제수단 | BE1: 수수료 과금구분 | BF1: 수수료결제방식 | BG1: 네이버페이 주문관리 수수료 | BH1: 매출연동 수수료 | BI1: 정산예정금액 | BJ1: 매출연동수수료 유입경로 | BK1: 개인통관고유부호 | BL1: 주문일시 | BM1: 구독신청회차 | BN1: 구독진행회차 | BO1: 배송희망일
A2: 2026011253898531 | B2: 2026011284749281 | C2: 일반배송 | E2: 택배,등기,소포 | F2: 택배,등기,소포 | G2: CJ대한통운 | I2: 46034.759 | J2: 스마트스토어 | K2: 김선미 | L2: sunm**** | M2: 김선미 | N2: 발송대기 | O2: 신규주문 | P2: N | Q2: MOBILE | R2: 46034.651 | S2: 12762878233 | T2: 마마스파파 요거트패딩 S-XL 25겨울 | U2: 조합형옵션상품 | V2: 비대상 | W2: 색상: 아이 / 사이즈: S | Y2: 1 | Z2: 0 | AA2: 46400 | AB2: 8390 | AC2: 8390 | AD2: 8390 | AE2: 38010 | AF2: 38010 | AI2: 46038 | AL2: 선결제 | AM2: 2026011272213233 | AN2: 조건부무료 | AO2: 3700 | AP2: 0 | AQ2: 0 | AR2: 29000 | AU2: 010-6603-8079 | AW2: 대구광역시 달서구 장기로 115 (성당동, 성당동 더 샵) 104동 1404호 | AX2: 대구광역시 달서구 장기로 115 (성당동, 성당동 더 샵) | AY2: 104동 1404호 | AZ2: 010-6603-8079 | BA2: 42677 | BC2: (11812) 경기도 의정부시 용민로 442 (민락센트럴) 1502-203 | BD2: 머니결제 | BE2: -740 | BF2: -1140 | BG2: 36130 | BI2: 46034.651
A3: 2026011240288501 | B3: 2026011275606691 | C3: 일반배송 | E3: 택배,등기,소포 | F3: 택배,등기,소포 | G3: CJ대한통운 | I3: 46034.759 | J3: 스마트스토어 | K3: 허은정 | L3: tnsw***** | M3: 허은정 | N3: 발송대기 | O3: 신규주문 | P3: N | Q3: PC | R3: 46034.68 | S3: 12618833741 | T3: 봉봉부틱 토브팬츠 JS-JM 25겨울 | U3: 조합형옵션상품 | V3: 비대상 | W3: 색상: 브라운 / 사이즈: JM | Y3: 1 | Z3: 0 | AA3: 33600 | AB3: 6220 | AC3: 6220 | AD3: 6220 | AE3: 27380 | AF3: 27380 | AI3: 46038 | AL3: 선결제 | AM3: 2026011270469386 | AN3: 조건부무료 | AO3: 3700 | AP3: 0 | AQ3: 0 | AR3: 21000 | AU3: 010-2543-6903 | AW3: 대구광역시 달성군 다사읍 서재로7길 25 (다사읍, 에코폴리스 동화 아이위시 3차) 311동 1101호 | AX3: 대구광역시 달성군 다사읍 서재로7길 25 (다사읍, 에코폴리스 동화 아이위시 3차) | AY3: 311동 1101호 | AZ3: 010-2543-6903 | BA3: 42929 | BB3: 빠른배송 부탁드려요 | BC3: (11812) 경기도 의정부시 용민로 442 (민락센트럴) 1502-203 | BD3: 무통장입금 | BE3: -532 | BF3: -821 | BG3: 26027 | BI3: 46034.463
A4: 2026011240288491 | B4: 2026011275606691 | C4: 일반배송 | E4: 택배,등기,소포 | F4: 택배,등기,소포 | G4: CJ대한통운 | I4: 46034.759 | J4: 스마트스토어 | K4: 허은정 | L4: tnsw***** | M4: 허은정 | N4: 발송대기 | O4: 신규주문 | P4: N | Q4: PC | R4: 46034.68 | S4: 12618833741 | T4: 봉봉부틱 토브팬츠 JS-JM 25겨울 | U4: 조합형옵션상품 | V4: 비대상 | W4: 색상: 그레이 / 사이즈: JM | Y4: 1 | Z4: 0 | AA4: 33600 | AB4: 5720 | AC4: 5720 | AD4: 5720 | AE4: 27880 | AF4: 27880 | AI4: 46038 | AL4: 선결제 | AM4: 2026011270469386 | AN4: 조건부무료 | AO4: 3700 | AP4: 0 | AQ4: 0 | AR4: 21000 | AU4: 010-2543-6903 | AW4: 대구광역시 달성군 다사읍 서재로7길 25 (다사읍, 에코폴리스 동화 아이위시 3차) 311동 1101호 | AX4: 대구광역시 달성군 다사읍 서재로7길 25 (다사읍, 에코폴리스 동화 아이위시 3차) | AY4: 311동 1101호 | AZ4: 010-2543-6903 | BA4: 42929 | BB4: 빠른배송 부탁드려요 | BC4: (11812) 경기도 의정부시 용민로 442 (민락센트럴) 1502-203 | BD4: 무통장입금 | BE4: -542 | BF4: -836 | BG4: 26502 | BI4: 46034.463
A5: 2026011120438271 | B5: 2026011162458371 | C5: 일반배송 | E5: 택배,등기,소포 | F5: 택배,등기,소포 | G5: CJ대한통운 | I5: 46034.759 | J5: 스마트스토어 | K5: 이지영 | L5: wleo**** | M5: 이지영 | N5: 발송대기 | O5: 신규주문 | P5: N | Q5: MOBILE | R5: 46033.888 | S5: 12816005359 | T5: 피치피치 구름아노락후디 XS-XL 25겨울 | U5: 조합형옵션상품 | V5: 비대상 | W5: 색상: 크림 / 사이즈: L | Y5: 1 | Z5: 0 | AA5: 28800 | AB5: 4610 | AC5: 4610 | AD5: 4610 | AE5: 24190 | AF5: 24190 | AI5: 46037 | AL5: 선결제 | AM5: 2026011167934152 | AN5: 조건부무료 | AO5: 3700 | AP5: 0 | AQ5: 0 | AR5: 18000 | AU5: 010-4581-7145 | AW5: 경기도 화성시 동탄순환대로20길 69 (목동) 경남아너스빌22단지 2253동 1701호 | AX5: 경기도 화성시 동탄순환대로20길 69 (목동) | AY5: 경남아너스빌22단지 2253동 1701호 | AZ5: 010-4581-7145 | BA5: 18484 | BC5: (02523) 서울특별시 동대문구 장한로 158 (대흥빌딩) 2층 | BD5: 신용카드 | BE5: -470 | BF5: -725 | BG5: 22995 | BI5: 46033.888
A6: 2026011120438261 | B6: 2026011162458371 | C6: 일반배송 | E6: 택배,등기,소포 | F6: 택배,등기,소포 | G6: CJ대한통운 | I6: 46034.759 | J6: 스마트스토어 | K6: 이지영 | L6: wleo**** | M6: 이지영 | N6: 발송대기 | O6: 신규주문 | P6: N | Q6: MOBILE | R6: 46033.888 | S6: 12816016019 | T6: 피치피치 구름후리스팬츠 XS-XL 25겨울 | U6: 조합형옵션상품 | V6: 비대상 | W6: 색상: 크림 / 사이즈: L | Y6: 1 | Z6: 0 | AA6: 22400 | AB6: 3360 | AC6: 3360 | AD6: 3360 | AE6: 19040 | AF6: 19040 | AI6: 46037 | AL6: 선결제 | AM6: 2026011167934152 | AN6: 조건부무료 | AO6: 3700 | AP6: 0 | AQ6: 0 | AR6: 14000 | AU6: 010-4581-7145 | AW6: 경기도 화성시 동탄순환대로20길 69 (목동) 경남아너스빌22단지 2253동 1701호 | AX6: 경기도 화성시 동탄순환대로20길 69 (목동) | AY6: 경남아너스빌22단지 2253동 1701호 | AZ6: 010-4581-7145 | BA6: 18484 | BC6: (02523) 서울특별시 동대문구 장한로 158 (대흥빌딩) 2층 | BD6: 신용카드 | BE6: -370 | BF6: -571 | BG6: 18099 | BI6: 46033.888

Sheet 발주서
A1: 주문자ID | B1: 주문자 | C1: 위탁자 | D1: 브랜드 | E1: 품명 | F1: 옵션 | G1: 수량 | H1: 옵션가격 | K1: 비고 | M1: 이름 | N1: 전화번호 | O1: 배송지 | Q1: 배송메세지 | S1: 지역명
A2: duyou02 | B2: D107 이재영 | C2: =M2 -> 김선미(달서구) | D2: =IFERROR(TRIM(LEFT(발주발송관리!T2,FIND(" ",발주발송관리!T2)-1)),0) -> 마마스파파 | E2: =IFERROR(MID(발주발송관리!T2,FIND(" ",발주발송관리!T2)+1,LEN(발주발송관리!T2)-FIND(" ",발주발송관리!T2)+1),0) -> 요거트패딩 S-XL 25겨울 | F2: =발주발송관리!W2 -> 색상: 아이 / 사이즈: S | G2: =발주발송관리!Y2 -> 1 | H2: =발주발송관리!Z2/1.6 -> 0 | M2: =IF(발주발송관리!M2=R2,0,발주발송관리!M2&T2&S2&U2) -> 김선미(달서구) | N2: =발주발송관리!AZ2 -> 010-6603-8079 | O2: =발주발송관리!AW2 -> 대구광역시 달서구 장기로 115 (성당동, 성당동 더 샵) 104동 1404호 | Q2: =발주발송관리!BB2 -> 0 | S2: =IFERROR(LOOKUP(1,0/(FIND($V$2:$V$209,O2)),$W$2:$W$209),"") -> 달서구 | T2: ( | U2: ) | V2: 서울특별시 | W2: 서울
A3: duyou02 | B3: D107 이재영 | C3: =M3 -> 허은정(달성군) | D3: =IFERROR(TRIM(LEFT(발주발송관리!T3,FIND(" ",발주발송관리!T3)-1)),0) -> 봉봉부틱 | E3: =IFERROR(MID(발주발송관리!T3,FIND(" ",발주발송관리!T3)+1,LEN(발주발송관리!T3)-FIND(" ",발주발송관리!T3)+1),0) -> 토브팬츠 JS-JM 25겨울 | F3: =발주발송관리!W3 -> 색상: 브라운 / 사이즈: JM | G3: =발주발송관리!Y3 -> 1 | H3: =발주발송관리!Z3/1.6 -> 0 | M3: =IF(발주발송관리!M3=R3,0,발주발송관리!M3&T3&S3&U3) -> 허은정(달성군) | N3: =발주발송관리!AZ3 -> 010-2543-6903 | O3: =발주발송관리!AW3 -> 대구광역시 달성군 다사읍 서재로7길 25 (다사읍, 에코폴리스 동화 아이위시 3차) 311동 1101호 | Q3: =발주발송관리!BB3 -> 빠른배송 부탁드려요 | S3: =IFERROR(LOOKUP(1,0/(FIND($V$2:$V$209,O3)),$W$2:$W$209),"") -> 달성군 | T3: ( | U3: ) | V3: 인천광역시 | W3: 인천
A4: duyou02 | B4: D107 이재영 | C4: =M4 -> 허은정(달성군) | D4: =IFERROR(TRIM(LEFT(발주발송관리!T4,FIND(" ",발주발송관리!T4)-1)),0) -> 봉봉부틱 | E4: =IFERROR(MID(발주발송관리!T4,FIND(" ",발주발송관리!T4)+1,LEN(발주발송관리!T4)-FIND(" ",발주발송관리!T4)+1),0) -> 토브팬츠 JS-JM 25겨울 | F4: =발주발송관리!W4 -> 색상: 그레이 / 사이즈: JM | G4: =발주발송관리!Y4 -> 1 | H4: =발주발송관리!Z4/1.6 -> 0 | M4: =IF(발주발송관리!M4=R4,0,발주발송관리!M4&T4&S4&U4) -> 허은정(달성군) | N4: =발주발송관리!AZ4 -> 010-2543-6903 | O4: =발주발송관리!AW4 -> 대구광역시 달성군 다사읍 서재로7길 25 (다사읍, 에코폴리스 동화 아이위시 3차) 311동 1101호 | Q4: =발주발송관리!BB4 -> 빠른배송 부탁드려요 | S4: =IFERROR(LOOKUP(1,0/(FIND($V$2:$V$209,O4)),$W$2:$W$209),"") -> 달성군 | T4: ( | U4: ) | V4: 부산광역시 | W4: 부산
A5: duyou02 | B5: D107 이재영 | C5: =M5 -> 이지영(화성) | D5: =IFERROR(TRIM(LEFT(발주발송관리!T5,FIND(" ",발주발송관리!T5)-1)),0) -> 피치피치 | E5: =IFERROR(MID(발주발송관리!T5,FIND(" ",발주발송관리!T5)+1,LEN(발주발송관리!T5)-FIND(" ",발주발송관리!T5)+1),0) -> 구름아노락후디 XS-XL 25겨울 | F5: =발주발송관리!W5 -> 색상: 크림 / 사이즈: L | G5: =발주발송관리!Y5 -> 1 | H5: =발주발송관리!Z5/1.6 -> 0 | M5: =IF(발주발송관리!M5=R5,0,발주발송관리!M5&T5&S5&U5) -> 이지영(화성) | N5: =발주발송관리!AZ5 -> 010-4581-7145 | O5: =발주발송관리!AW5 -> 경기도 화성시 동탄순환대로20길 69 (목동) 경남아너스빌22단지 2253동 1701호 | Q5: =발주발송관리!BB5 -> 0 | S5: =IFERROR(LOOKUP(1,0/(FIND($V$2:$V$209,O5)),$W$2:$W$209),"") -> 화성 | T5: ( | U5: ) | V5: 대구광역시 | W5: 대구
A6: duyou02 | B6: D107 이재영 | C6: =M6 -> 이지영(화성) | D6: =IFERROR(TRIM(LEFT(발주발송관리!T6,FIND(" ",발주발송관리!T6)-1)),0) -> 피치피치 | E6: =IFERROR(MID(발주발송관리!T6,FIND(" ",발주발송관리!T6)+1,LEN(발주발송관리!T6)-FIND(" ",발주발송관리!T6)+1),0) -> 구름후리스팬츠 XS-XL 25겨울 | F6: =발주발송관리!W6 -> 색상: 크림 / 사이즈: L | G6: =발주발송관리!Y6 -> 1 | H6: =발주발송관리!Z6/1.6 -> 0 | M6: =IF(발주발송관리!M6=R6,0,발주발송관리!M6&T6&S6&U6) -> 이지영(화성) | N6: =발주발송관리!AZ6 -> 010-4581-7145 | O6: =발주발송관리!AW6 -> 경기도 화성시 동탄순환대로20길 69 (목동) 경남아너스빌22단지 2253동 1701호 | Q6: =발주발송관리!BB6 -> 0 | S6: =IFERROR(LOOKUP(1,0/(FIND($V$2:$V$209,O6)),$W$2:$W$209),"") -> 화성 | T6: ( | U6: ) | V6: 광주광역시 | W6: 광주
A7: duyou02 | B7: D107 이재영 | C7: =M7 -> 0 | D7: =IFERROR(TRIM(LEFT(발주발송관리!T7,FIND(" ",발주발송관리!T7)-1)),0) -> 0 | E7: =IFERROR(MID(발주발송관리!T7,FIND(" ",발주발송관리!T7)+1,LEN(발주발송관리!T7)-FIND(" ",발주발송관리!T7)+1),0) -> 0 | F7: =발주발송관리!W7 -> 0 | G7: =발주발송관리!Y7 -> 0 | H7: =발주발송관리!Z7/1.6 -> 0 | M7: =IF(발주발송관리!M7=R7,0,발주발송관리!M7&T7&S7&U7) -> 0 | N7: =발주발송관리!AZ7 -> 0 | O7: =발주발송관리!AW7 -> 0 | Q7: =발주발송관리!BB7 -> 0 | S7: =IFERROR(LOOKUP(1,0/(FIND($V$2:$V$209,O7)),$W$2:$W$209),"") | T7: ( | U7: ) | V7: 대전광역시 | W7: 대전
A8: duyou02 | B8: D107 이재영 | C8: =M8 -> 0 | D8: =IFERROR(TRIM(LEFT(발주발송관리!T8,FIND(" ",발주발송관리!T8)-1)),0) -> 0 | E8: =IFERROR(MID(발주발송관리!T8,FIND(" ",발주발송관리!T8)+1,LEN(발주발송관리!T8)-FIND(" ",발주발송관리!T8)+1),0) -> 0 | F8: =발주발송관리!W8 -> 0 | G8: =발주발송관리!Y8 -> 0 | H8: =발주발송관리!Z8/1.6 -> 0 | M8: =IF(발주발송관리!M8=R8,0,발주발송관리!M8&T8&S8&U8) -> 0 | N8: =발주발송관리!AZ8 -> 0 | O8: =발주발송관리!AW8 -> 0 | Q8: =발주발송관리!BB8 -> 0 | S8: =IFERROR(LOOKUP(1,0/(FIND($V$2:$V$209,O8)),$W$2:$W$209),"") | T8: ( | U8: ) | V8: 울산광역시 | W8: 울산
A9: duyou02 | B9: D107 이재영 | C9: =M9 -> 0 | D9: =IFERROR(TRIM(LEFT(발주발송관리!T9,FIND(" ",발주발송관리!T9)-1)),0) -> 0 | E9: =IFERROR(MID(발주발송관리!T9,FIND(" ",발주발송관리!T9)+1,LEN(발주발송관리!T9)-FIND(" ",발주발송관리!T9)+1),0) -> 0 | F9: =발주발송관리!W9 -> 0 | G9: =발주발송관리!Y9 -> 0 | H9: =발주발송관리!Z9/1.6 -> 0 | M9: =IF(발주발송관리!M9=R9,0,발주발송관리!M9&T9&S9&U9) -> 0 | N9: =발주발송관리!AZ9 -> 0 | O9: =발주발송관리!AW9 -> 0 | Q9: =발주발송관리!BB9 -> 0 | S9: =IFERROR(LOOKUP(1,0/(FIND($V$2:$V$209,O9)),$W$2:$W$209),"") | T9: ( | U9: ) | V9: 수원 | W9: 수원
A10: duyou02 | B10: D107 이재영 | C10: =M10 -> 0 | D10: =IFERROR(TRIM(LEFT(발주발송관리!T10,FIND(" ",발주발송관리!T10)-1)),0) -> 0 | E10: =IFERROR(MID(발주발송관리!T10,FIND(" ",발주발송관리!T10)+1,LEN(발주발송관리!T10)-FIND(" ",발주발송관리!T10)+1),0) -> 0 | F10: =발주발송관리!W10 -> 0 | G10: =발주발송관리!Y10 -> 0 | H10: =발주발송관리!Z10/1.6 -> 0 | M10: =IF(발주발송관리!M10=R10,0,발주발송관리!M10&T10&S10&U10) -> 0 | N10: =발주발송관리!AZ10 -> 0 | O10: =발주발송관리!AW10 -> 0 | Q10: =발주발송관리!BB10 -> 0 | S10: =IFERROR(LOOKUP(1,0/(FIND($V$2:$V$209,O10)),$W$2:$W$209),"") | T10: ( | U10: ) | V10: 성남 | W10: 성남
A11: duyou02 | B11: D107 이재영 | C11: =M11 -> 0 | D11: =IFERROR(TRIM(LEFT(발주발송관리!T11,FIND(" ",발주발송관리!T11)-1)),0) -> 0 | E11: =IFERROR(MID(발주발송관리!T11,FIND(" ",발주발송관리!T11)+1,LEN(발주발송관리!T11)-FIND(" ",발주발송관리!T11)+1),0) -> 0 | F11: =발주발송관리!W11 -> 0 | G11: =발주발송관리!Y11 -> 0 | H11: =발주발송관리!Z11/1.6 -> 0 | M11: =IF(발주발송관리!M11=R11,0,발주발송관리!M11&T11&S11&U11) -> 0 | N11: =발주발송관리!AZ11 -> 0 | O11: =발주발송관리!AW11 -> 0 | Q11: =발주발송관리!BB11 -> 0 | S11: =IFERROR(LOOKUP(1,0/(FIND($V$2:$V$209,O11)),$W$2:$W$209),"") | T11: ( | U11: ) | V11: 의정부 | W11: 의정부
A12: duyou02 | B12: D107 이재영 | C12: =M12 -> 0 | D12: =IFERROR(TRIM(LEFT(발주발송관리!T12,FIND(" ",발주발송관리!T12)-1)),0) -> 0 | E12: =IFERROR(MID(발주발송관리!T12,FIND(" ",발주발송관리!T12)+1,LEN(발주발송관리!T12)-FIND(" ",발주발송관리!T12)+1),0) -> 0 | F12: =발주발송관리!W12 -> 0 | G12: =발주발송관리!Y12 -> 0 | H12: =발주발송관리!Z12/1.6 -> 0 | M12: =IF(발주발송관리!M12=R12,0,발주발송관리!M12&T12&S12&U12) -> 0 | N12: =발주발송관리!AZ12 -> 0 | O12: =발주발송관리!AW12 -> 0 | Q12: =발주발송관리!BB12 -> 0 | S12: =IFERROR(LOOKUP(1,0/(FIND($V$2:$V$209,O12)),$W$2:$W$209),"") | T12: ( | U12: ) | V12: 안양 | W12: 안양
A13: duyou02 | B13: D107 이재영 | C13: =M13 -> 0 | D13: =IFERROR(TRIM(LEFT(발주발송관리!T13,FIND(" ",발주발송관리!T13)-1)),0) -> 0 | E13: =IFERROR(MID(발주발송관리!T13,FIND(" ",발주발송관리!T13)+1,LEN(발주발송관리!T13)-FIND(" ",발주발송관리!T13)+1),0) -> 0 | F13: =발주발송관리!W13 -> 0 | G13: =발주발송관리!Y13 -> 0 | H13: =발주발송관리!Z13/1.6 -> 0 | M13: =IF(발주발송관리!M13=R13,0,발주발송관리!M13&T13&S13&U13) -> 0 | N13: =발주발송관리!AZ13 -> 0 | O13: =발주발송관리!AW13 -> 0 | Q13: =발주발송관리!BB13 -> 0 | S13: =IFERROR(LOOKUP(1,0/(FIND($V$2:$V$209,O13)),$W$2:$W$209),"") | T13: ( | U13: ) | V13: 부천 | W13: 부천
... A209: duyou02 | B209: D107 이재영 | C209: =M209 -> 0 | D209: =IFERROR(TRIM(LEFT(발주발송관리!T209,FIND(" ",발주발송관리!T209)-1)),0) -> 0 | E209: =IFERROR(MID(발주발송관리!T209,FIND(" ",발주발송관리!T209)+1,LEN(발주발송관리!T209)-FIND(" ",발주발송관리!T209)+1),0) -> 0 | F209: =발주발송관리!W209 -> 0 | G209: =발주발송관리!Y209 -> 0 | H209: =발주발송관리!Z209/1.6 -> 0 | M209: =IF(발주발송관리!M209=R209,0,발주발송관리!M209&T209&S209&U209) -> 0 | N209: =발주발송관리!AZ209 -> 0 | O209: =발주발송관리!AW209 -> 0 | Q209: =발주발송관리!BB209 -> 0 | S209: =IFERROR(LOOKUP(1,0/(FIND($V$2:$V$209,O209)),$W$2:$W$209),"") | T209: ( | U209: ) | V209: 담양군 | W209: 담양군
A210: duyou02 | B210: D107 이재영 | C210: =M210 -> 0 | D210: =IFERROR(TRIM(LEFT(발주발송관리!T210,FIND(" ",발주발송관리!T210)-1)),0) -> 0 | E210: =IFERROR(MID(발주발송관리!T210,FIND(" ",발주발송관리!T210)+1,LEN(발주발송관리!T210)-FIND(" ",발주발송관리!T210)+1),0) -> 0 | F210: =발주발송관리!W210 -> 0 | G210: =발주발송관리!Y210 -> 0 | H210: =발주발송관리!Z210/1.6 -> 0 | M210: =IF(발주발송관리!M210=R210,0,발주발송관리!M210&T210&S210&U210) -> 0 | N210: =발주발송관리!AZ210 -> 0 | O210: =발주발송관리!AW210 -> 0 | Q210: =발주발송관리!BB210 -> 0 | S210: =IFERROR(LOOKUP(1,0/(FIND($V$2:$V$209,O210)),$W$2:$W$209),"") | T210: ( | U210: )
A211: duyou02 | B211: D107 이재영 | C211: =M211 -> 0 | D211: =IFERROR(TRIM(LEFT(발주발송관리!T211,FIND(" ",발주발송관리!T211)-1)),0) -> 0 | E211: =IFERROR(MID(발주발송관리!T211,FIND(" ",발주발송관리!T211)+1,LEN(발주발송관리!T211)-FIND(" ",발주발송관리!T211)+1),0) -> 0 | F211: =발주발송관리!W211 -> 0 | G211: =발주발송관리!Y211 -> 0 | H211: =발주발송관리!Z211/1.6 -> 0 | M211: =IF(발주발송관리!M211=R211,0,발주발송관리!M211&T211&S211&U211) -> 0 | N211: =발주발송관리!AZ211 -> 0 | O211: =발주발송관리!AW211 -> 0 | Q211: =발주발송관리!BB211 -> 0 | S211: =IFERROR(LOOKUP(1,0/(FIND($V$2:$V$209,O211)),$W$2:$W$209),"") | T211: ( | U211: )
A212: duyou02 | B212: D107 이재영 | C212: =M212 -> 0 | D212: =IFERROR(TRIM(LEFT(발주발송관리!T212,FIND(" ",발주발송관리!T212)-1)),0) -> 0 | E212: =IFERROR(MID(발주발송관리!T212,FIND(" ",발주발송관리!T212)+1,LEN(발주발송관리!T212)-FIND(" ",발주발송관리!T212)+1),0) -> 0 | F212: =발주발송관리!W212 -> 0 | G212: =발주발송관리!Y212 -> 0 | H212: =발주발송관리!Z212/1.6 -> 0 | M212: =IF(발주발송관리!M212=R212,0,발주발송관리!M212&T212&S212&U212) -> 0 | N212: =발주발송관리!AZ212 -> 0 | O212: =발주발송관리!AW212 -> 0 | Q212: =발주발송관리!BB212 -> 0 | S212: =IFERROR(LOOKUP(1,0/(FIND($V$2:$V$209,O212)),$W$2:$W$209),"") | T212: ( | U212: )
A213: duyou02 | B213: D107 이재영 | C213: =M213 -> 0 | D213: =IFERROR(TRIM(LEFT(발주발송관리!T213,FIND(" ",발주발송관리!T213)-1)),0) -> 0 | E213: =IFERROR(MID(발주발송관리!T213,FIND(" ",발주발송관리!T213)+1,LEN(발주발송관리!T213)-FIND(" ",발주발송관리!T213)+1),0) -> 0 | F213: =발주발송관리!W213 -> 0 | G213: =발주발송관리!Y213 -> 0 | H213: =발주발송관리!Z213/1.6 -> 0 | M213: =IF(발주발송관리!M213=R213,0,발주발송관리!M213&T213&S213&U213) -> 0 | N213: =발주발송관리!AZ213 -> 0 | O213: =발주발송관리!AW213 -> 0 | Q213: =발주발송관리!BB213 -> 0 | S213: =IFERROR(LOOKUP(1,0/(FIND($V$2:$V$209,O213)),$W$2:$W$209),"") | T213: ( | U213: )
A214: duyou02 | B214: D107 이재영 | C214: =M214 -> 0 | D214: =IFERROR(TRIM(LEFT(발주발송관리!T214,FIND(" ",발주발송관리!T214)-1)),0) -> 0 | E214: =IFERROR(MID(발주발송관리!T214,FIND(" ",발주발송관리!T214)+1,LEN(발주발송관리!T214)-FIND(" ",발주발송관리!T214)+1),0) -> 0 | F214: =발주발송관리!W214 -> 0 | G214: =발주발송관리!Y214 -> 0 | H214: =발주발송관리!Z214/1.6 -> 0 | M214: =IF(발주발송관리!M214=R214,0,발주발송관리!M214&T214&S214&U214) -> 0 | N214: =발주발송관리!AZ214 -> 0 | O214: =발주발송관리!AW214 -> 0 | Q214: =발주발송관리!BB214 -> 0 | S214: =IFERROR(LOOKUP(1,0/(FIND($V$2:$V$209,O214)),$W$2:$W$209),"") | T214: ( | U214: )
A215: duyou02 | B215: D107 이재영 | C215: =M215 -> 0 | D215: =IFERROR(TRIM(LEFT(발주발송관리!T215,FIND(" ",발주발송관리!T215)-1)),0) -> 0 | E215: =IFERROR(MID(발주발송관리!T215,FIND(" ",발주발송관리!T215)+1,LEN(발주발송관리!T215)-FIND(" ",발주발송관리!T215)+1),0) -> 0 | F215: =발주발송관리!W215 -> 0 | G215: =발주발송관리!Y215 -> 0 | H215: =발주발송관리!Z215/1.6 -> 0 | M215: =IF(발주발송관리!M215=R215,0,발주발송관리!M215&T215&S215&U215) -> 0 | N215: =발주발송관리!AZ215 -> 0 | O215: =발주발송관리!AW215 -> 0 | Q215: =발주발송관리!BB215 -> 0 | S215: =IFERROR(LOOKUP(1,0/(FIND($V$2:$V$209,O215)),$W$2:$W$209),"") | T215: ( | U215: )
A216: duyou02 | B216: D107 이재영 | C216: =M216 -> 0 | D216: =IFERROR(TRIM(LEFT(발주발송관리!T216,FIND(" ",발주발송관리!T216)-1)),0) -> 0 | E216: =IFERROR(MID(발주발송관리!T216,FIND(" ",발주발송관리!T216)+1,LEN(발주발송관리!T216)-FIND(" ",발주발송관리!T216)+1),0) -> 0 | F216: =발주발송관리!W216 -> 0 | G216: =발주발송관리!Y216 -> 0 | H216: =발주발송관리!Z216/1.6 -> 0 | M216: =IF(발주발송관리!M216=R216,0,발주발송관리!M216&T216&S216&U216) -> 0 | N216: =발주발송관리!AZ216 -> 0 | O216: =발주발송관리!AW216 -> 0 | Q216: =발주발송관리!BB216 -> 0 | S216: =IFERROR(LOOKUP(1,0/(FIND($V$2:$V$209,O216)),$W$2:$W$209),"") | T216: ( | U216: )
A217: duyou02 | B217: D107 이재영 | C217: =M217 -> 0 | D217: =IFERROR(TRIM(LEFT(발주발송관리!T217,FIND(" ",발주발송관리!T217)-1)),0) -> 0 | E217: =IFERROR(MID(발주발송관리!T217,FIND(" ",발주발송관리!T217)+1,LEN(발주발송관리!T217)-FIND(" ",발주발송관리!T217)+1),0) -> 0 | F217: =발주발송관리!W217 -> 0 | G217: =발주발송관리!Y217 -> 0 | H217: =발주발송관리!Z217/1.6 -> 0 | M217: =IF(발주발송관리!M217=R217,0,발주발송관리!M217&T217&S217&U217) -> 0 | N217: =발주발송관리!AZ217 -> 0 | O217: =발주발송관리!AW217 -> 0 | Q217: =발주발송관리!BB217 -> 0 | S217: =IFERROR(LOOKUP(1,0/(FIND($V$2:$V$209,O217)),$W$2:$W$209),"") | T217: ( | U217: )
A218: duyou02 | B218: D107 이재영 | C218: =M218 -> 0 | D218: =IFERROR(TRIM(LEFT(발주발송관리!T218,FIND(" ",발주발송관리!T218)-1)),0) -> 0 | E218: =IFERROR(MID(발주발송관리!T218,FIND(" ",발주발송관리!T218)+1,LEN(발주발송관리!T218)-FIND(" ",발주발송관리!T218)+1),0) -> 0 | F218: =발주발송관리!W218 -> 0 | G218: =발주발송관리!Y218 -> 0 | H218: =발주발송관리!Z218/1.6 -> 0 | M218: =IF(발주발송관리!M218=R218,0,발주발송관리!M218&T218&S218&U218) -> 0 | N218: =발주발송관리!AZ218 -> 0 | O218: =발주발송관리!AW218 -> 0 | Q218: =발주발송관리!BB218 -> 0 | S218: =IFERROR(LOOKUP(1,0/(FIND($V$2:$V$209,O218)),$W$2:$W$209),"") | T218: ( | U218: )
A219: duyou02 | B219: D107 이재영 | C219: =M219 -> 0 | D219: =IFERROR(TRIM(LEFT(발주발송관리!T219,FIND(" ",발주발송관리!T219)-1)),0) -> 0 | E219: =IFERROR(MID(발주발송관리!T219,FIND(" ",발주발송관리!T219)+1,LEN(발주발송관리!T219)-FIND(" ",발주발송관리!T219)+1),0) -> 0 | F219: =발주발송관리!W219 -> 0 | G219: =발주발송관리!Y219 -> 0 | H219: =발주발송관리!Z219/1.6 -> 0 | M219: =IF(발주발송관리!M219=R219,0,발주발송관리!M219&T219&S219&U219) -> 0 | N219: =발주발송관리!AZ219 -> 0 | O219: =발주발송관리!AW219 -> 0 | Q219: =발주발송관리!BB219 -> 0 | S219: =IFERROR(LOOKUP(1,0/(FIND($V$2:$V$209,O219)),$W$2:$W$209),"") | T219: ( | U219: )
A220: duyou02 | B220: D107 이재영 | C220: =M220 -> 0 | D220: =IFERROR(TRIM(LEFT(발주발송관리!T220,FIND(" ",발주발송관리!T220)-1)),0) -> 0 | E220: =IFERROR(MID(발주발송관리!T220,FIND(" ",발주발송관리!T220)+1,LEN(발주발송관리!T220)-FIND(" ",발주발송관리!T220)+1),0) -> 0 | F220: =발주발송관리!W220 -> 0 | G220: =발주발송관리!Y220 -> 0 | H220: =발주발송관리!Z220/1.6 -> 0 | M220: =IF(발주발송관리!M220=R220,0,발주발송관리!M220&T220&S220&U220) -> 0 | N220: =발주발송관리!AZ220 -> 0 | O220: =발주발송관리!AW220 -> 0 | Q220: =발주발송관리!BB220 -> 0 | S220: =IFERROR(LOOKUP(1,0/(FIND($V$2:$V$209,O220)),$W$2:$W$209),"") | T220: ( | U220: )
A221: duyou02 | B221: D107 이재영 | C221: =M221 -> 0 | D221: =IFERROR(TRIM(LEFT(발주발송관리!T221,FIND(" ",발주발송관리!T221)-1)),0) -> 0 | E221: =IFERROR(MID(발주발송관리!T221,FIND(" ",발주발송관리!T221)+1,LEN(발주발송관리!T221)-FIND(" ",발주발송관리!T221)+1),0) -> 0 | F221: =발주발송관리!W221 -> 0 | G221: =발주발송관리!Y221 -> 0 | H221: =발주발송관리!Z221/1.6 -> 0 | M221: =IF(발주발송관리!M221=R221,0,발주발송관리!M221&T221&S221&U221) -> 0 | N221: =발주발송관리!AZ221 -> 0 | O221: =발주발송관리!AW221 -> 0 | Q221: =발주발송관리!BB221 -> 0 | S221: =IFERROR(LOOKUP(1,0/(FIND($V$2:$V$209,O221)),$W$2:$W$209),"") | T221: ( | U221: )
... A328: duyou02 | B328: D107 이재영 | C328: =M328 -> 0 | D328: =IFERROR(TRIM(LEFT(발주발송관리!T328,FIND(" ",발주발송관리!T328)-1)),0) -> 0 | E328: =IFERROR(MID(발주발송관리!T328,FIND(" ",발주발송관리!T328)+1,LEN(발주발송관리!T328)-FIND(" ",발주발송관리!T328)+1),0) -> 0 | F328: =발주발송관리!W328 -> 0 | G328: =발주발송관리!Y328 -> 0 | H328: =발주발송관리!Z328/1.6 -> 0 | M328: =IF(발주발송관리!M328=R328,0,발주발송관리!M328&T328&S328&U328) -> 0 | N328: =발주발송관리!AZ328 -> 0 | O328: =발주발송관리!AW328 -> 0 | Q328: =발주발송관리!BB328 -> 0 | S328: =IFERROR(LOOKUP(1,0/(FIND($V$2:$V$209,O328)),$W$2:$W$209),"") | T328: ( | U328: )
A329: duyou02 | B329: D107 이재영 | C329: =M329 -> 0 | D329: =IFERROR(TRIM(LEFT(발주발송관리!T329,FIND(" ",발주발송관리!T329)-1)),0) -> 0 | E329: =IFERROR(MID(발주발송관리!T329,FIND(" ",발주발송관리!T329)+1,LEN(발주발송관리!T329)-FIND(" ",발주발송관리!T329)+1),0) -> 0 | F329: =발주발송관리!W329 -> 0 | G329: =발주발송관리!Y329 -> 0 | H329: =발주발송관리!Z329/1.6 -> 0 | M329: =IF(발주발송관리!M329=R329,0,발주발송관리!M329&T329&S329&U329) -> 0 | N329: =발주발송관리!AZ329 -> 0 | O329: =발주발송관리!AW329 -> 0 | Q329: =발주발송관리!BB329 -> 0
A330: duyou02 | B330: D107 이재영 | C330: =M330 -> 0 | D330: =IFERROR(TRIM(LEFT(발주발송관리!T330,FIND(" ",발주발송관리!T330)-1)),0) -> 0 | E330: =IFERROR(MID(발주발송관리!T330,FIND(" ",발주발송관리!T330)+1,LEN(발주발송관리!T330)-FIND(" ",발주발송관리!T330)+1),0) -> 0 | F330: =발주발송관리!W330 -> 0 | G330: =발주발송관리!Y330 -> 0 | H330: =발주발송관리!Z330/1.6 -> 0 | M330: =IF(발주발송관리!M330=R330,0,발주발송관리!M330&T330&S330&U330) -> 0 | N330: =발주발송관리!AZ330 -> 0 | O330: =발주발송관리!AW330 -> 0 | Q330: =발주발송관리!BB330 -> 0
A331: duyou02 | B331: D107 이재영 | C331: =M331 -> 0 | D331: =IFERROR(TRIM(LEFT(발주발송관리!T331,FIND(" ",발주발송관리!T331)-1)),0) -> 0 | E331: =IFERROR(MID(발주발송관리!T331,FIND(" ",발주발송관리!T331)+1,LEN(발주발송관리!T331)-FIND(" ",발주발송관리!T331)+1),0) -> 0 | F331: =발주발송관리!W331 -> 0 | G331: =발주발송관리!Y331 -> 0 | H331: =발주발송관리!Z331/1.6 -> 0 | M331: =IF(발주발송관리!M331=R331,0,발주발송관리!M331&T331&S331&U331) -> 0 | N331: =발주발송관리!AZ331 -> 0 | O331: =발주발송관리!AW331 -> 0 | Q331: =발주발송관리!BB331 -> 0
A332: duyou02 | B332: D107 이재영 | C332: =M332 -> 0 | D332: =IFERROR(TRIM(LEFT(발주발송관리!T332,FIND(" ",발주발송관리!T332)-1)),0) -> 0 | E332: =IFERROR(MID(발주발송관리!T332,FIND(" ",발주발송관리!T332)+1,LEN(발주발송관리!T332)-FIND(" ",발주발송관리!T332)+1),0) -> 0 | F332: =발주발송관리!W332 -> 0 | G332: =발주발송관리!Y332 -> 0 | H332: =발주발송관리!Z332/1.6 -> 0 | M332: =IF(발주발송관리!M332=R332,0,발주발송관리!M332&T332&S332&U332) -> 0 | N332: =발주발송관리!AZ332 -> 0 | O332: =발주발송관리!AW332 -> 0 | Q332: =발주발송관리!BB332 -> 0
A333: duyou02 | B333: D107 이재영 | C333: =M333 -> 0 | D333: =IFERROR(TRIM(LEFT(발주발송관리!T333,FIND(" ",발주발송관리!T333)-1)),0) -> 0 | E333: =IFERROR(MID(발주발송관리!T333,FIND(" ",발주발송관리!T333)+1,LEN(발주발송관리!T333)-FIND(" ",발주발송관리!T333)+1),0) -> 0 | F333: =발주발송관리!W333 -> 0 | G333: =발주발송관리!Y333 -> 0 | H333: =발주발송관리!Z333/1.6 -> 0 | M333: =IF(발주발송관리!M333=R333,0,발주발송관리!M333&T333&S333&U333) -> 0 | N333: =발주발송관리!AZ333 -> 0 | O333: =발주발송관리!AW333 -> 0 | Q333: =발주발송관리!BB333 -> 0
A334: duyou02 | B334: D107 이재영 | C334: =M334 -> 0 | D334: =IFERROR(TRIM(LEFT(발주발송관리!T334,FIND(" ",발주발송관리!T334)-1)),0) -> 0 | E334: =IFERROR(MID(발주발송관리!T334,FIND(" ",발주발송관리!T334)+1,LEN(발주발송관리!T334)-FIND(" ",발주발송관리!T334)+1),0) -> 0 | F334: =발주발송관리!W334 -> 0 | G334: =발주발송관리!Y334 -> 0 | H334: =발주발송관리!Z334/1.6 -> 0 | M334: =IF(발주발송관리!M334=R334,0,발주발송관리!M334&T334&S334&U334) -> 0 | N334: =발주발송관리!AZ334 -> 0 | O334: =발주발송관리!AW334 -> 0 | Q334: =발주발송관리!BB334 -> 0
A335: duyou02 | B335: D107 이재영 | C335: =M335 -> 0 | D335: =IFERROR(TRIM(LEFT(발주발송관리!T335,FIND(" ",발주발송관리!T335)-1)),0) -> 0 | E335: =IFERROR(MID(발주발송관리!T335,FIND(" ",발주발송관리!T335)+1,LEN(발주발송관리!T335)-FIND(" ",발주발송관리!T335)+1),0) -> 0 | F335: =발주발송관리!W335 -> 0 | G335: =발주발송관리!Y335 -> 0 | H335: =발주발송관리!Z335/1.6 -> 0 | M335: =IF(발주발송관리!M335=R335,0,발주발송관리!M335&T335&S335&U335) -> 0 | N335: =발주발송관리!AZ335 -> 0 | O335: =발주발송관리!AW335 -> 0 | Q335: =발주발송관리!BB335 -> 0
A336: duyou02 | B336: D107 이재영 | C336: =M336 -> 0 | D336: =IFERROR(TRIM(LEFT(발주발송관리!T336,FIND(" ",발주발송관리!T336)-1)),0) -> 0 | E336: =IFERROR(MID(발주발송관리!T336,FIND(" ",발주발송관리!T336)+1,LEN(발주발송관리!T336)-FIND(" ",발주발송관리!T336)+1),0) -> 0 | F336: =발주발송관리!W336 -> 0 | G336: =발주발송관리!Y336 -> 0 | H336: =발주발송관리!Z336/1.6 -> 0 | M336: =IF(발주발송관리!M336=R336,0,발주발송관리!M336&T336&S336&U336) -> 0 | N336: =발주발송관리!AZ336 -> 0 | O336: =발주발송관리!AW336 -> 0 | Q336: =발주발송관리!BB336 -> 0
A337: duyou02 | B337: D107 이재영 | C337: =M337 -> 0 | D337: =IFERROR(TRIM(LEFT(발주발송관리!T337,FIND(" ",발주발송관리!T337)-1)),0) -> 0 | E337: =IFERROR(MID(발주발송관리!T337,FIND(" ",발주발송관리!T337)+1,LEN(발주발송관리!T337)-FIND(" ",발주발송관리!T337)+1),0) -> 0 | F337: =발주발송관리!W337 -> 0 | G337: =발주발송관리!Y337 -> 0 | H337: =발주발송관리!Z337/1.6 -> 0 | M337: =IF(발주발송관리!M337=R337,0,발주발송관리!M337&T337&S337&U337) -> 0 | N337: =발주발송관리!AZ337 -> 0 | O337: =발주발송관리!AW337 -> 0 | Q337: =발주발송관리!BB337 -> 0
A338: duyou02 | B338: D107 이재영 | C338: =M338 -> 0 | D338: =IFERROR(TRIM(LEFT(발주발송관리!T338,FIND(" ",발주발송관리!T338)-1)),0) -> 0 | E338: =IFERROR(MID(발주발송관리!T338,FIND(" ",발주발송관리!T338)+1,LEN(발주발송관리!T338)-FIND(" ",발주발송관리!T338)+1),0) -> 0 | F338: =발주발송관리!W338 -> 0 | G338: =발주발송관리!Y338 -> 0 | H338: =발주발송관리!Z338/1.6 -> 0 | M338: =IF(발주발송관리!M338=R338,0,발주발송관리!M338&T338&S338&U338) -> 0 | N338: =발주발송관리!AZ338 -> 0 | O338: =발주발송관리!AW338 -> 0 | Q338: =발주발송관리!BB338 -> 0
A339: duyou02 | B339: D107 이재영 | C339: =M339 -> 0 | D339: =IFERROR(TRIM(LEFT(발주발송관리!T339,FIND(" ",발주발송관리!T339)-1)),0) -> 0 | E339: =IFERROR(MID(발주발송관리!T339,FIND(" ",발주발송관리!T339)+1,LEN(발주발송관리!T339)-FIND(" ",발주발송관리!T339)+1),0) -> 0 | F339: =발주발송관리!W339 -> 0 | G339: =발주발송관리!Y339 -> 0 | H339: =발주발송관리!Z339/1.6 -> 0 | M339: =IF(발주발송관리!M339=R339,0,발주발송관리!M339&T339&S339&U339) -> 0 | N339: =발주발송관리!AZ339 -> 0 | O339: =발주발송관리!AW339 -> 0 | Q339: =발주발송관리!BB339 -> 0
A340: duyou02 | B340: D107 이재영 | C340: =M340 -> 0 | D340: =IFERROR(TRIM(LEFT(발주발송관리!T340,FIND(" ",발주발송관리!T340)-1)),0) -> 0 | E340: =IFERROR(MID(발주발송관리!T340,FIND(" ",발주발송관리!T340)+1,LEN(발주발송관리!T340)-FIND(" ",발주발송관리!T340)+1),0) -> 0 | F340: =발주발송관리!W340 -> 0 | G340: =발주발송관리!Y340 -> 0 | H340: =발주발송관리!Z340/1.6 -> 0 | M340: =IF(발주발송관리!M340=R340,0,발주발송관리!M340&T340&S340&U340) -> 0 | N340: =발주발송관리!AZ340 -> 0 | O340: =발주발송관리!AW340 -> 0 | Q340: =발주발송관리!BB340 -> 0
... A402: duyou02 | B402: D107 이재영 | C402: =M402 -> 0 | D402: =IFERROR(TRIM(LEFT(발주발송관리!T402,FIND(" ",발주발송관리!T402)-1)),0) -> 0 | E402: =IFERROR(MID(발주발송관리!T402,FIND(" ",발주발송관리!T402)+1,LEN(발주발송관리!T402)-FIND(" ",발주발송관리!T402)+1),0) -> 0 | F402: =발주발송관리!W402 -> 0 | G402: =발주발송관리!Y402 -> 0 | H402: =발주발송관리!Z402/1.6 -> 0 | M402: =IF(발주발송관리!M402=R402,0,발주발송관리!M402&T402&S402&U402) -> 0 | N402: =발주발송관리!AZ402 -> 0 | O402: =발주발송관리!AW402 -> 0 | Q402: =발주발송관리!BB402 -> 0

Sheet 지역명
A1: 서울특별시 | B1: 서울
A2: 인천광역시 | B2: 인천
A3: 부산광역시 | B3: 부산
A4: 대구광역시 | B4: 대구
A5: 광주광역시 | B5: 광주
A6: 대전광역시 | B6: 대전
A7: 울산광역시 | B7: 울산
A8: 수원 | B8: 수원
A9: 성남 | B9: 성남
A10: 의정부 | B10: 의정부
A11: 안양 | B11: 안양
A12: 부천 | B12: 부천
... A202: 합천 | B202: 합천
